{"initial_reset_timestamp": 1812773.225696764, "timestamps": [1812775.901133058], "episode_lengths": [500], "episode_rewards": [500.0], "episode_types": ["t"]}