{"initial_reset_timestamp": 831581.528372764, "timestamps": [831583.399631032], "episode_lengths": [1149], "episode_rewards": [235.0], "episode_types": ["t"]}