{"initial_reset_timestamp": 831022.048415507, "timestamps": [831023.535100924], "episode_lengths": [965], "episode_rewards": [190.0], "episode_types": ["t"]}