{"initial_reset_timestamp": 830946.159168527, "timestamps": [830947.978089084], "episode_lengths": [1238], "episode_rewards": [515.0], "episode_types": ["t"]}