{"initial_reset_timestamp": 327167.902169232, "timestamps": [327169.958115131], "episode_lengths": [1080], "episode_rewards": [410.0], "episode_types": ["t"]}