{"initial_reset_timestamp": 115389.893998466, "timestamps": [115609.710786465], "episode_lengths": [159], "episode_rewards": [76.1012852897019], "episode_types": ["t", "t"]}