{"initial_reset_timestamp": 1819913.650044049, "timestamps": [1819923.846801359], "episode_lengths": [500], "episode_rewards": [500.0], "episode_types": ["t"]}