{"initial_reset_timestamp": 1819964.400286917, "timestamps": [1819968.877117868], "episode_lengths": [500], "episode_rewards": [500.0], "episode_types": ["t"]}